<?xml version="1.0"?>
<!-- Puppy-specific mime info -->

<mime-info xmlns='http://www.freedesktop.org/standards/shared-mime-info'>
  <mime-type type="application/pet">
    <comment>PET archive</comment>
    <glob pattern="*.pet"/>
  </mime-type>

  <mime-type type="application/x-ext2-image">
    <comment>ext2 filesystem in a file</comment>
    <glob pattern="*.2fs"/>
    <glob pattern="*.ext2"/>
  </mime-type>

  <mime-type type="application/x-ext3-image">
    <comment>ext3 filesystem in a file</comment>
    <glob pattern="*.3fs"/>
    <glob pattern="*.ext3"/>
  </mime-type>

  <mime-type type="application/x-ext4-image">
    <comment>ext4 filesystem in a file</comment>
    <glob pattern="*.4fs"/>
    <glob pattern="*.ext4"/>
  </mime-type>

  <mime-type type="application/x-squashfs-image">
    <comment>squashfs filesystem in a file</comment>
    <glob pattern="*.sfs"/>
    <glob pattern="*.squashfs"/>
  </mime-type>

  <mime-type type="application/initramfs-gz">
    <comment>Linux initramfs, compressed</comment>
    <glob pattern="initrd.gz"/>
    <glob pattern="initrd.xz"/>
    <glob pattern="initrd.zst"/>
  </mime-type>

  <mime-type type="application/linux-kernel">
    <comment>Linux kernel</comment>
    <glob pattern="vmlinuz*"/>
    <glob pattern="bzImage*"/>
  </mime-type>

</mime-info>
